Image Index,Bbox [x,y,w,h]
00013118_008.png,49.23728813559325,119.66045366707492,18.983050847457616,17.322033898305087
00014716_007.png,150.0847457627118,28.775140277409967,40.57627118644072,68.57627118644072
00029817_009.png,48.5254237288135,69.35536892131225,33.93220338983059,47.4576271186441
00014687_001.png,158.86440677966095,108.27062315860043,30.847457627118562,12.10169491525424
00017877_001.png,144.38983050847446,124.63954705707093,43.898305084745786,17.084745762711854
00003148_004.png,130.38983050847446,110.63954705707093,12.338983050847446,39.389830508474475
00012515_002.png,63.237288135593246,139.5926570569055,18.271186440677976,12.338983050847446
00022098_006.png,108.0847457627118,126.30452146368502,59.322033898305065,33.694915254237344
00014198_000.png,147.9491525423728,112.06723332809179,21.59322033898306,42.23728813559325
00021007_000.png,75.33898305084747,102.5757079043631,23.016949152542406,22.305084745762656
00030674_000.png,138.4576271186441,55.118080785719,49.830508474576376,46.03389830508481
00003945_004.png,15.067796610169495,103.05028417554959,66.9152542372882,36.779661016949156
00000808_002.png,122.08474576271182,84.067233328092,49.830508474576376,36.5423728813559
00006621_004.png,67.27118644067806,87.86384349758335,46.9830508474576,46.9830508474576
00000865_006.png,183.5423728813559,136.5079112941937,17.084745762711854,8.779661016949156
00028452_001.png,137.74576271186436,89.76214858232912,56.0,32.50847457627109
00007557_026.png,28.830508474576376,154.54180959927828,48.40677966101688,27.050847457627217
00000181_061.png,45.91525423728819,124.40621637893946,46.745762711864344,55.76271186440675
00009669_003.png,34.5254237288135,141.96553841283756,57.18644067796603,48.169491525423624
00025368_014.png,64.42372881355928,149.79208942995237,25.627118644067718,18.50847457627118
00000468_033.png,44.72881355932194,109.93164010775297,25.389830508474468,11.627118644067806
00010770_000.png,53.50847457627109,81.21977570097322,45.08474576271181,14.949152542372891
00016972_019.png,112.59322033898313,138.88079265012576,65.25423728813566,50.06779661016941
00030635_001.png,126.11864406779662,107.32147061622743,52.677966101694935,48.64406779661013
00021481_014.png,130.15254237288144,87.6265553619901,22.067796610169406,34.88135593220338
00019124_045.png,72.72881355932194,113.96553841283757,27.5254237288135,14.949152542372891
00022883_002.png,25.03389830508481,111.82994519249876,160.40677966101686,23.728813559321935
00028173_016.png,123.50847457627108,109.45706383656648,24.677966101694935,30.135593220339032
00027094_003.png,168.35593220338987,122.74519942978671,33.4576271186441,33.220338983050844
00012123_001.png,139.88135593220338,133.66045366707493,59.796610169491565,47.220338983050844
00020113_017.png,47.57627118644072,112.77909773487153,148.77966101694918,36.5423728813559
00004968_003.png,140.11864406779662,149.79604688741392,58.372881355932286,23.254237288135656
00028012_001.png,122.55932203389831,101.38926722639707,71.42372881355928,43.42372881355928
00029464_006.png,20.050847457627107,62.236724853515625,37.49152542372891,42.4745762711865
00001170_046.png,138.9322033898306,83.82994519249876,53.627118644067714,42.4745762711865
00016267_000.png,39.03389830508481,131.0502841755496,50.779661016949156,47.4576271186441
00018412_001.png,46.627118644067714,134.84689434504116,125.28813559322026,19.932203389830505
00020673_005.png,123.03389830508482,71.49096214165128,56.711864406779746,37.254237288135656
00027474_005.png,60.389830508474475,89.05028417554959,22.067796610169406,14.0
00007124_008.png,119.0,106.84689434504115,67.38983050847447,40.81355932203397
00027866_002.png,31.677966101694935,135.08418248063418,131.69491525423734,46.9830508474576
00000149_006.png,132.0508474576272,100.67740281961731,54.57627118644072,19.69491525423728
00030434_000.png,146.0508474576272,141.25367400605802,16.610169491525422,52.44067796610169
00019271_030.png,51.372881355932286,152.40621637893946,33.93220338983059,24.677966101694935
00020408_037.png,41.64406779661013,138.40621637893946,49.830508474576376,35.11864406779662
00023176_010.png,61.338983050847474,110.6435045145325,147.83050847457616,34.40677966101688
00016191_017.png,149.61016949152554,129.62655536199009,43.66101694915253,35.830508474576376
00010478_012.png,46.389830508474475,128.44011468402405,54.101694915254214,44.13559322033903
00025228_005.png,129.4406779661017,100.20282654843082,64.5423728813559,52.91525423728819
00021796_000.png,40.93220338983059,89.76214858232912,38.677966101694935,39.389830508474475
00008005_004.png,139.16949152542384,129.15197909080382,19.220338983050844,38.203389830508435
00021495_005.png,118.52542372881351,140.0672333280918,65.4915254237289,58.135593220339025
00018496_006.png,17.677966101694913,155.25367400605802,190.77966101694918,47.93220338983059
00029088_023.png,66.55932203389831,64.37231807385466,32.27118644067806,27.050847457627217
00014607_007.png,44.0169491525424,144.5757079043631,140.4745762711865,46.745762711864344
00004968_004.png,138.69491525423734,139.35536892131225,57.898305084745786,27.28813559322025
00019271_064.png,58.01694915254241,111.35536892131225,129.79661016949157,58.610169491525525
00010936_011.png,59.203389830508435,127.01638587046479,23.016949152542406,43.42372881355928
00000211_010.png,77.23728813559325,117.05028417554959,22.305084745762656,36.779661016949156
00017255_001.png,151.50847457627108,130.81299603995632,26.57627118644072,19.457627118644073
00007676_002.png,78.89830508474579,96.16892824334622,18.033898305084747,29.898305084745783
00005089_002.png,141.77966101694918,125.5926570569055,57.661016949152526,41.28813559322025
00020857_008.png,41.64406779661013,125.118080785719,123.15254237288144,44.372881355932286
00012291_008.png,50.898305084745786,138.16892824334622,49.59322033898312,16.372881355932194
00018762_002.png,132.0508474576272,134.92203534659694,56.237288135593246,17.79661016949152
00000468_017.png,32.627118644067714,113.49096214165128,24.677966101694935,9.966101694915253
00014253_042.png,46.627118644067714,112.54180959927828,133.83050847457616,68.33898305084747
00026136_002.png,120.4237288135593,121.55875875182068,60.98305084745759,23.728813559321935
00013685_000.png,56.59322033898313,95.45706383656648,24.44067796610169,10.915254237288144
00003787_003.png,63.237288135593246,102.81299603995635,36.779661016949156,26.101694915254217
00030106_008.png,49.23728813559325,113.25367400605802,50.305084745762656,58.84745762711856
00030260_005.png,61.338983050847474,141.83898305084747,23.254237288135656,22.779661016949156
00015262_005.png,30.016949152542406,116.9237288135593,32.745762711864344,21.118644067796602
00010625_014.png,59.203389830508435,96.9915254237289,119.35593220338987,29.898305084745783
00006851_034.png,54.93220338983059,134.9576271186441,34.88135593220338,26.81355932203397
00019495_004.png,161.4745762711865,123.80508474576266,32.745762711864344,8.542372881355927
00019089_004.png,125.64406779661013,136.85593220338987,53.389830508474475,40.57627118644072
00017151_003.png,136.5593220338983,106.9576271186441,46.745762711864344,43.42372881355928
00020349_006.png,101.20338983050843,68.0423728813559,61.220338983050844,64.5423728813559
00006851_033.png,41.40677966101688,136.85593220338987,43.66101694915253,11.627118644067806
00000744_006.png,32.15254237288144,111.4661016949152,31.084745762711812,26.101694915254217
00013685_028.png,57.779661016949156,107.66949152542362,113.89830508474579,31.796610169491565
00010481_021.png,166.9322033898306,120.72033898305084,35.11864406779662,14.949152542372891
00026886_004.png,51.372881355932286,113.12711864406774,46.9830508474576,29.661016949152533
00016403_003.png,195.16949152542384,191.83954633292507,24.20338983050844,14.474576271186432
00010575_002.png,50.96296296296297,132.26666666666665,51.20000000000003,34.60740740740741
00011857_001.png,156.4444444444444,117.57037037037031,45.748148148148246,18.014814814814823
00022155_008.png,150.0444444444444,60.681481481481434,34.13333333333328,16.829629629629622
00014870_004.png,25.362962962963064,133.92592592592587,48.59259259259257,20.622222222222227
00025221_001.png,117.80740740740738,127.52592592592586,75.14074074074071,70.16296296296306
00018253_017.png,119.94074074074072,115.67407407407403,35.7925925925925,45.03703703703706
00019373_036.png,146.01481481481474,88.88888888888881,37.688888888889,24.651851851851873
00017500_002.png,167.3481481481482,134.4,23.22962962962972,13.51111111111112
00016009_008.png,125.15555555555565,126.10370370370369,33.896296296296214,54.51851851851846
00013111_069.png,103.82222222222221,88.17777777777783,31.525925925926032,56.651851851851816
00023156_001.png,50.25185185185178,50.488888888888845,33.896296296296214,25.362962962963064
00013508_001.png,70.87407407407403,129.6592592592592,38.874074074074095,19.911111111111104
00008554_009.png,132.7407407407408,108.32592592592597,50.25185185185178,36.503703703703685
00017582_003.png,56.17777777777769,88.17777777777783,43.614814814814906,31.28888888888897
00009619_000.png,65.6592592592593,144.11851851851847,23.703703703703624,24.651851851851873
00009437_008.png,164.50370370370365,130.37037037037035,35.7925925925925,17.066666666666663
00013992_006.png,61.39259259259262,115.43703703703696,28.207407407407374,17.540740740740745
00001836_082.png,37.21481481481488,124.68148148148151,35.7925925925925,23.940740740740686
00021024_022.png,157.39259259259268,114.25185185185188,35.55555555555566,41.71851851851862
00029940_007.png,46.45925925925922,83.6740740740741,31.525925925926032,40.059259259259186
00011827_003.png,124.44444444444447,103.11111111111103,67.08148148148146,27.022222222222283
00019154_002.png,64.23703703703694,27.496296296296403,28.681481481481498,47.40740740740747
00003440_000.png,47.64444444444453,55.70370370370378,27.022222222222283,17.540740740740745
00009256_005.png,66.8444444444444,86.0444444444445,24.41481481481481,25.125925925926
00014447_004.png,46.45925925925922,92.20740740740747,35.7925925925925,21.096296296296288
00012834_008.png,24.41481481481481,90.31111111111119,43.377777777777844,15.88148148148148
00016987_019.png,57.83703703703713,132.97777777777785,23.466666666666562,16.829629629629622
00020393_003.png,149.09629629629634,118.51851851851856,48.355555555555505,21.096296296296288
00029502_006.png,48.355555555555505,128.94814814814822,54.992592592592594,39.11111111111116
00000457_004.png,175.6444444444445,61.62962962962969,20.38518518518519,22.992592592592658
00027556_007.png,37.688888888889,141.27407407407415,30.340740740740717,25.125925925926
00005089_014.png,39.34814814814822,104.29629629629633,30.340740740740717,15.644444444444442
00007710_000.png,136.53333333333336,96.23703703703708,47.40740740740747,18.962962962962965
00012637_000.png,159.28888888888895,109.27407407407401,28.918518518518564,18.251851851851843
00000147_001.png,135.11111111111117,131.08148148148157,22.044444444444405,39.34814814814822
00018427_004.png,20.622222222222227,138.19259259259255,38.874074074074095,15.88148148148148
00014663_013.png,77.27407407407406,61.155555555555566,29.866666666666593,42.66666666666666
00014795_002.png,63.2888888888889,118.51851851851856,32.47407407407406,29.155555555555626
00014253_010.png,8.05925925925925,54.044444444444345,53.8074074074075,18.251851851851843
00028625_000.png,73.95555555555563,98.60740740740749,26.311111111111092,21.096296296296288
00019271_065.png,46.22222222222216,109.27407407407401,31.051851851851907,24.177777777777752
00014095_003.png,64.94814814814812,108.8000000000001,37.688888888889,20.622222222222227
00023116_005.png,140.3259259259259,96.00000000000003,39.34814814814822,34.60740740740741
00009779_001.png,155.73333333333343,108.0888888888889,35.55555555555566,15.170370370370382
00012829_004.png,36.97777777777782,118.04444444444445,36.74074074074075,20.38518518518519
00006948_002.png,160.47407407407405,153.36296296296302,27.73333333333325,20.148148148148145
00029200_006.png,28.918518518518564,111.17037037037028,34.13333333333328,25.125925925926
00022707_003.png,164.9777777777778,124.44444444444447,37.688888888889,15.88148148148148
00022416_049.png,172.5629629629629,93.39259259259256,18.251851851851843,28.444444444444436
00008716_000.png,154.78518518518518,155.25925925925932,33.185185185185254,22.755555555555592
00000072_000.png,77.98518518518524,124.2074074074074,27.970370370370315,18.014814814814823
00002350_001.png,158.8148148148148,105.24444444444437,32.47407407407406,19.437037037037047
00004296_000.png,159.99999999999991,164.7407407407407,26.074074074074034,20.38518518518519
00029631_006.png,26.074074074074034,111.40740740740733,37.45185185185194,22.992592592592658
00000643_002.png,178.96296296296293,118.04444444444445,21.096296296296288,16.35555555555556
00015831_008.png,136.0592592592592,118.75555555555563,25.837037037036968,35.7925925925925
00020429_020.png,36.503703703703685,129.18518518518528,39.82222222222212,18.725925925925925
00015300_000.png,37.45185185185194,86.51851851851862,32.237037037037,32.237037037037
00002856_009.png,47.64444444444453,139.37777777777788,47.40740740740747,22.28148148148147
00028620_000.png,174.69629629629623,146.25185185185182,33.65925925925915,18.251851851851843
00019706_014.png,145.06666666666672,95.28888888888885,37.45185185185194,30.814814814814845
00021377_016.png,158.3407407407407,147.20000000000007,38.16296296296291,22.28148148148147
00000830_000.png,125.86666666666662,107.14074074074065,61.39259259259262,25.362962962963064
00016490_011.png,40.059259259259186,114.48888888888894,36.74074074074075,13.985185185185179
00001673_016.png,61.62962962962969,119.94074074074072,11.140740740740736,22.044444444444405
00015440_000.png,139.1407407407408,66.8444444444444,33.42222222222232,14.933333333333339
00025270_000.png,58.785185185185156,114.01481481481481,21.80740740740741,14.696296296296302
00012636_000.png,169.7185185185186,116.38518518518521,26.074074074074034,15.170370370370382
00027697_001.png,155.25925925925932,84.14814814814822,42.429629629629595,12.562962962962956
00021862_004.png,132.97777777777785,122.31111111111113,25.837037037036968,29.629629629629527
00016987_022.png,18.251851851851843,107.14074074074065,65.18518518518518,26.548148148148154
00018419_001.png,163.31851851851854,140.56296296296298,25.362962962963064,11.377777777777775
00029843_001.png,56.17777777777769,98.13333333333337,28.444444444444436,24.177777777777752
00007120_009.png,54.51851851851846,120.17777777777778,29.866666666666593,18.962962962962965
00030260_004.png,80.5925925925925,120.41481481481485,12.562962962962956,48.59259259259257
00020810_003.png,34.84444444444447,156.4444444444444,56.651851851851816,24.888888888888935
00005066_030.png,60.627118644067714,100.44011468402405,118.16949152542384,65.9661016949152
00009608_024.png,86.25423728813566,88.10113163317659,79.9661016949152,74.74576271186434
00000661_000.png,65.37288135593228,95.69435197215972,120.0677966101694,93.72881355932194
00019018_007.png,80.0847457627118,113.96553841283757,97.05084745762721,58.610169491525525
00000211_041.png,49.0,91.18587739588841,112.0,94.20338983050843
00015770_010.png,79.61016949152553,102.81299603995635,98.71186440677974,59.322033898305065
00011463_002.png,82.93220338983059,119.42316553148166,96.81355932203397,74.98305084745759
00021364_001.png,73.44067796610169,98.54180959927828,108.44067796610169,66.9152542372882
00003394_006.png,68.4576271186441,82.16892824334622,96.57627118644072,66.44067796610169
00016990_000.png,68.4576271186441,103.99943671792238,100.37288135593228,65.9661016949152
00027797_000.png,94.0847457627118,89.28757231114284,108.20338983050843,70.4745762711865
00013670_151.png,95.74576271186434,104.94858926029536,101.0847457627118,73.0847457627118
00011322_006.png,79.84745762711856,106.13502993826141,105.35593220338987,68.81355932203397
00018387_030.png,85.06779661016941,78.37231807385466,108.44067796610169,64.5423728813559
00007037_000.png,63.237288135593246,106.6096062094479,109.38983050847447,84.23728813559325
00017448_000.png,77.71186440677974,105.6604536670749,104.64406779661013,85.89830508474579
00029808_003.png,70.35593220338987,89.76214858232912,97.76271186440675,86.37288135593228
00013249_031.png,83.88135593220338,104.71130112470213,88.27118644067806,56.4745762711865
00014706_018.png,81.0338983050848,97.82994519249876,92.77966101694915,63.59322033898313
00007551_020.png,77.0,114.55084745762721,100.37288135593228,76.40677966101687
00021009_001.png,69.64406779661013,79.66949152542362,100.61016949152553,67.86440677966097
00000377_004.png,84.83050847457638,91.77118644067806,109.86440677966097,80.44067796610169
00019426_000.png,98.11864406779662,96.51694915254241,86.61016949152553,59.55932203389831
00005066_005.png,72.4915254237289,106.72033898305085,111.05084745762721,76.16949152542362
00004630_001.png,62.288135593220254,96.0423728813559,112.0,75.22033898305085
00028509_026.png,67.98305084745759,87.5,110.57627118644072,75.22033898305085
00002435_005.png,79.37288135593228,105.05932203389831,87.79661016949157,65.25423728813566
00026087_000.png,74.15254237288144,101.26271186440675,91.35593220338987,86.13559322033903
00021409_001.png,68.4576271186441,75.39830508474579,107.72881355932194,84.71186440677974
00012288_000.png,77.71186440677974,100.55084745762721,97.5254237288135,58.135593220339025
00018187_034.png,105.23728813559325,86.78813559322026,93.72881355932194,74.5084745762711
00006912_007.png,72.25423728813566,85.83898305084747,96.33898305084747,71.42372881355928
00005532_016.png,71.30508474576266,91.29661016949157,90.40677966101687,74.5084745762711
00020986_000.png,91.4745762711865,83.4661016949152,96.57627118644072,63.830508474576376
00016624_000.png,120.89830508474579,76.11016949152553,80.67796610169493,72.37288135593228
00017511_006.png,74.15254237288144,92.72033898305085,86.84745762711856,73.0847457627118
00016564_000.png,84.11864406779662,85.60169491525421,98.94915254237279,66.67796610169493
00012741_004.png,96.69491525423734,95.09322033898313,97.76271186440675,89.22033898305085
00028018_000.png,77.23728813559325,99.12711864406772,99.66101694915253,93.72881355932194
00017178_007.png,75.57627118644072,65.66949152542362,97.5254237288135,82.81355932203397
00029906_000.png,72.25423728813566,98.17796610169493,94.67796610169493,69.05084745762721
00000732_005.png,93.61016949152553,101.5,90.16949152542362,75.4576271186441
00012670_000.png,93.61016949152553,92.0084745762711,93.9661016949152,69.28813559322026
00026338_003.png,77.0,75.63559322033903,96.10169491525421,68.81355932203397
00013062_002.png,77.0,74.44915254237279,87.0847457627118,86.61016949152553
00002763_031.png,88.15254237288144,77.77118644067806,104.16949152542362,84.71186440677974
00013346_015.png,81.74576271186434,92.48305084745759,100.61016949152553,114.13559322033905
00014626_028.png,72.72881355932194,77.5338983050848,95.86440677966097,87.79661016949157
00026889_000.png,51.84745762711856,81.33050847457638,129.79661016949157,99.18644067796603
00000211_019.png,74.38983050847447,92.48305084745759,109.62711864406772,88.98305084745759
00023325_019.png,75.33898305084747,61.398305084745786,104.40677966101687,76.64406779661013
00011502_001.png,96.69491525423734,69.4661016949152,80.20338983050843,83.5254237288135
00018233_057.png,76.05084745762721,84.4152542372882,89.93220338983059,75.93220338983059
00012261_001.png,99.30508474576266,94.85593220338987,116.50847457627108,91.83050847457638
00014706_007.png,88.15254237288144,78.0084745762711,81.38983050847447,75.69491525423734
00028873_009.png,72.9661016949152,61.635593220339025,86.37288135593228,78.06779661016941
00004578_004.png,94.55932203389831,85.60169491525421,94.67796610169493,81.15254237288144
00023093_009.png,94.79661016949157,77.29661016949157,84.71186440677974,59.55932203389831
00011402_007.png,44.72881355932194,105.29661016949157,107.9661016949152,74.98305084745759
00017893_005.png,84.59322033898313,79.90677966101687,107.4915254237289,88.98305084745759
00028873_004.png,70.35593220338987,70.17796610169493,96.10169491525421,73.32203389830507
00004461_000.png,72.01694915254241,86.07627118644072,90.16949152542362,75.93220338983059
00008365_000.png,73.9152542372882,111.4661016949152,91.35593220338987,88.27118644067806
00004381_021.png,85.30508474576266,78.9576271186441,98.94915254237279,71.42372881355928
00002704_029.png,72.9661016949152,72.55084745762721,97.76271186440675,80.44067796610169
00012364_006.png,71.30508474576266,80.07683446851834,94.20338983050843,83.5254237288135
00022215_012.png,70.87407407407403,77.27407407407406,112.11851851851853,91.25925925925921
00017524_028.png,54.992592592592594,95.28888888888885,108.8000000000001,94.10370370370376
00005827_000.png,86.0444444444445,67.31851851851853,98.84444444444456,103.11111111111103
00001534_005.png,86.75555555555547,74.90370370370366,107.37777777777772,83.43703703703703
00004344_022.png,82.25185185185194,111.17037037037028,101.92592592592594,82.01481481481488
00020819_002.png,80.5925925925925,74.42962962962953,108.0888888888889,86.75555555555547
00005532_014.png,73.95555555555563,72.2962962962964,100.97777777777769,75.8518518518519
00004342_020.png,69.21481481481482,84.62222222222212,103.82222222222221,94.34074074074081
00022215_011.png,86.28148148148156,104.77037037037047,107.37777777777772,77.98518518518524
00015563_011.png,70.16296296296306,105.95555555555556,109.51111111111106,98.60740740740749
00018686_000.png,77.27407407407406,67.31851851851853,108.8000000000001,99.0814814814814
00011263_004.png,68.26666666666678,85.80740740740744,121.59999999999994,105.7185185185185
00013249_052.png,73.24444444444444,83.6740740740741,114.25185185185188,63.76296296296303
00016606_000.png,80.35555555555565,92.91851851851844,106.66666666666674,82.9629629629629
00025747_000.png,73.4814814814815,81.30370370370369,108.0888888888889,80.35555555555565
00027464_033.png,64.71111111111107,50.25185185185178,113.77777777777774,86.51851851851862
00022416_018.png,78.22222222222231,92.68148148148137,124.2074074074074,77.27407407407406
00004534_001.png,56.17777777777769,93.62962962962962,120.41481481481485,91.02222222222215
00004344_018.png,85.57037037037037,86.0444444444445,110.45925925925931,94.10370370370376
00027685_003.png,74.42962962962953,70.87407407407403,102.63703703703713,83.43703703703703
00009745_000.png,72.05925925925935,87.46666666666665,99.7925925925926,83.6740740740741
00029391_000.png,68.97777777777775,81.06666666666663,106.19259259259262,82.48888888888901
00000740_000.png,65.89629629629638,84.14814814814822,104.29629629629633,84.62222222222212
00011322_002.png,75.8518518518519,77.98518518518524,110.93333333333344,106.19259259259262
00023176_017.png,70.63703703703698,55.94074074074084,116.85925925925935,93.1555555555555
00009705_000.png,73.95555555555563,67.55555555555559,118.75555555555563,81.06666666666663
00004344_046.png,80.5925925925925,72.7703703703703,105.00740740740731,81.77777777777781
00021845_001.png,67.31851851851853,81.77777777777781,84.85925925925919,79.64444444444447
00013249_033.png,90.78518518518509,88.17777777777783,102.16296296296301,75.37777777777778
00000845_000.png,81.06666666666663,80.35555555555565,99.31851851851847,92.91851851851844
00014223_009.png,49.303703703703746,84.85925925925919,105.7185185185185,62.81481481481479
00000398_003.png,80.82962962962955,85.09629629629625,105.95555555555556,82.25185185185194
00021443_000.png,62.57777777777772,81.54074074074076,119.22962962962974,90.78518518518509
00008339_010.png,76.32592592592604,75.8518518518519,114.96296296296308,84.62222222222212
00017514_008.png,75.8518518518519,97.42222222222219,117.33333333333324,73.4814814814815
00015400_001.png,65.42222222222225,76.79999999999994,104.77037037037047,89.60000000000001
00013125_000.png,36.97777777777782,88.88888888888881,144.82962962962966,91.4962962962963
00007735_040.png,87.46666666666665,104.53333333333342,118.51851851851856,97.89629629629631
00025732_004.png,47.88148148148159,85.33333333333331,117.57037037037031,91.02222222222215
00018693_004.png,65.6592592592593,95.28888888888885,119.94074074074072,87.46666666666665
00015425_012.png,84.38518518518529,63.05185185185184,97.42222222222219,77.98518518518524
00013635_002.png,79.4074074074074,72.2962962962964,101.21481481481474,80.82962962962955
00007043_000.png,63.76296296296303,78.93333333333328,115.9111111111111,96.00000000000003
00001369_000.png,73.71851851851856,60.44444444444438,121.12592592592603,84.62222222222212
00015799_012.png,78.93333333333328,101.21481481481474,114.48888888888894,87.2296296296296
00002059_008.png,82.01481481481488,101.92592592592594,121.36296296296287,79.64444444444447
00020438_011.png,72.05925925925935,78.93333333333328,106.42962962962969,105.00740740740731
00014574_000.png,80.82962962962955,79.88148148148153,95.76296296296296,86.51851851851862
00012793_000.png,77.27407407407406,82.72592592592584,108.0888888888889,88.4148148148149
00012094_006.png,88.17777777777783,90.54814814814824,90.54814814814824,88.4148148148149
00004533_014.png,98.60740740740749,67.08148148148146,98.13333333333337,85.80740740740744
00019187_000.png,86.75555555555547,83.91111111111115,101.68888888888887,84.14814814814822
00001373_009.png,90.31111111111119,102.40000000000006,119.94074074074072,109.74814814814813
00016414_000.png,84.38518518518529,94.10370370370376,124.9185185185186,98.37037037037044
00030279_000.png,63.2888888888889,91.9703703703704,119.70370370370367,100.02962962962965
00010381_000.png,85.33333333333331,68.50370370370364,99.55555555555553,78.69629629629623
00013615_052.png,76.79999999999994,88.88888888888881,101.45185185185181,77.98518518518524
00004344_013.png,76.56296296296287,75.8518518518519,114.96296296296308,92.44444444444453
00019861_010.png,59.022222222222226,78.22222222222231,116.85925925925935,86.75555555555547
00022706_001.png,76.08888888888896,68.97777777777775,98.37037037037044,84.85925925925919
00004344_014.png,72.05925925925935,68.26666666666678,102.16296296296301,98.60740740740749
00015064_001.png,82.9629629629629,98.37037037037044,132.0296296296296,113.06666666666656
00011557_003.png,75.8518518518519,97.42222222222219,111.17037037037028,83.6740740740741
00029647_002.png,73.4814814814815,88.88888888888881,108.0888888888889,84.62222222222212
00025969_000.png,79.64444444444447,62.34074074074066,96.00000000000003,83.19999999999996
00018187_029.png,74.90370370370366,92.20740740740747,112.11851851851853,100.74074074074085
00004342_023.png,74.90370370370366,95.28888888888885,99.55555555555553,82.72592592592584
00004342_002.png,43.85185185185175,106.66666666666674,104.53333333333342,104.77037037037047
00015719_005.png,77.037037037037,82.9629629629629,109.51111111111106,118.99259259259267
00028607_000.png,88.4148148148149,66.13333333333344,108.8000000000001,96.94814814814806
00004893_085.png,84.38518518518529,75.14074074074071,101.45185185185181,85.09629629629625
00001373_039.png,56.88888888888887,109.51111111111106,123.25925925925938,107.37777777777772
00000756_001.png,63.2888888888889,71.1111111111111,131.55555555555546,94.10370370370376
00008522_032.png,68.97777777777775,45.511111111111184,95.05185185185178,86.28148148148156
00005532_000.png,83.6740740740741,57.362962962962996,104.05925925925928,90.54814814814824
00030206_013.png,68.26666666666678,74.19259259259269,101.92592592592594,94.81481481481472
00008399_007.png,79.4074074074074,82.9629629629629,119.70370370370367,81.30370370370369
00012686_003.png,71.1111111111111,89.83703703703706,117.33333333333324,88.17777777777783
00004822_051.png,78.45925925925916,80.5925925925925,114.48888888888894,86.28148148148156
00015304_001.png,63.52592592592597,73.24444444444444,134.87407407407414,108.0888888888889
00010172_001.png,41.19111111111106,152.14163140190962,10.45333333333334,11.200000000000001
00008814_010.png,42.68444444444447,90.16829806857643,145.6,23.146666666666594
00010007_168.png,73.04888888888894,157.86607584635408,11.94666666666666,26.133333333333404
00005066_030.png,32.72888888888894,159.3594091796875,5.973333333333341,14.435555555555553
00010828_039.png,153.68888888888893,97.88385362413197,52.266666666666595,52.01777777777788
00027479_013.png,169.12,123.76829806857643,40.568888888888935,14.933333333333339
00018253_059.png,39.199999999999996,83.69718695746536,44.30222222222212,64.71111111111107
00029579_005.png,22.773333333333404,114.80829806857645,5.973333333333341,13.937777777777788
00021703_001.png,123.32444444444448,111.82163140190963,45.546666666666596,34.09777777777787
00013993_077.png,36.71111111111106,89.1727425130209,44.053333333333406,48.782222222222124
00018102_001.png,23.52,128.74607584635407,8.462222222222213,11.697777777777787
00022369_013.png,36.71111111111106,87.18163140190963,38.080000000000005,41.06666666666659
00022611_001.png,163.8933333333334,37.154964735243034,37.08444444444447,81.88444444444447
00000344_003.png,37.70666666666659,50.3460758463541,21.404444444444444,48.5333333333334
00020482_032.png,94.20444444444448,92.9060758463541,61.72444444444447,57.24444444444447
00029464_015.png,157.42222222222213,133.72385362413198,41.813333333333404,11.200000000000001
00028383_002.png,170.61333333333343,168.81718695746537,18.915555555555553,12.444444444444446
00015078_013.png,13.564444444444446,124.01718695746538,197.12,51.022222222222126
00020000_000.png,118.84444444444446,127.75052029079855,48.5333333333334,63.217777777777876
00010277_000.png,188.78222222222212,151.64385362413196,15.928888888888896,24.64
00030634_000.png,30.986666666666594,133.72385362413198,69.44,21.15555555555555
00018427_011.png,130.2933333333334,150.15052029079857,66.4533333333334,22.15111111111106
00016837_002.png,30.737777777777875,154.13274251302093,56.497777777777884,13.688888888888894
00013285_026.png,38.95111111111106,109.3327425130209,8.711111111111107,58.24
00019767_016.png,28.0,139.44829806857643,69.68888888888894,18.915555555555553
00018366_029.png,122.57777777777787,103.11052029079856,55.00444444444447,14.435555555555553
00003803_010.png,37.45777777777788,129.24385362413196,139.87555555555554,29.12
00002395_007.png,50.64888888888893,98.1327425130209,16.426666666666662,34.59555555555553
00027028_017.png,32.977777777777874,114.06163140190964,168.74666666666658,30.364444444444466
00020213_078.png,40.44444444444447,146.6660758463541,52.266666666666595,21.902222222222125
00021840_016.png,31.235555555555532,117.29718695746537,52.764444444444464,21.404444444444444
00021711_014.png,120.33777777777789,146.16829806857646,77.15555555555554,26.88
00015090_006.png,139.75111111111107,125.01274251302092,43.05777777777787,38.8266666666666
00025686_000.png,130.54222222222214,146.6660758463541,72.67555555555552,22.897777777777875
00017188_002.png,43.68,105.10163140190963,50.02666666666659,19.911111111111104
00018387_030.png,34.72,96.6394091796875,168.24888888888893,35.093333333333405
00028518_021.png,40.44444444444447,148.40829806857644,40.568888888888935,23.146666666666594
00023058_004.png,8.337777777777788,123.02163140190962,69.44,44.30222222222212
00028628_015.png,36.96,33.670520290798564,37.83111111111106,89.60000000000001
00026810_001.png,167.62666666666658,154.8794091796875,26.133333333333404,12.195555555555554
00012045_009.png,156.67555555555552,122.77274251302092,22.15111111111106,25.63555555555553
00025252_053.png,3.1111111111111063,140.19496473524302,73.67111111111106,35.093333333333405
00021972_001.png,31.484444444444467,111.5727425130209,64.21333333333341,26.63111111111106
00016291_002.png,135.02222222222213,147.91052029079856,71.43111111111106,17.173333333333343
00021381_013.png,123.32444444444448,126.75496473524304,61.72444444444447,19.41333333333334
00021181_002.png,32.977777777777874,85.4394091796875,62.471111111111064,45.297777777777874
00014015_003.png,23.022222222222126,89.42163140190962,60.23111111111106,39.07555555555553
00016964_011.png,159.6622222222221,121.03052029079856,20.16,12.942222222222213
00008841_025.png,33.97333333333341,106.3460758463541,57.99111111111106,22.15111111111106
00007882_001.png,32.977777777777874,140.44385362413198,44.30222222222212,12.69333333333334
00015058_024.png,128.55111111111106,167.5727425130209,67.44888888888894,21.15555555555555
00008547_001.png,176.3377777777779,149.15496473524303,31.360000000000003,30.862222222222123
00020274_007.png,172.35555555555555,102.6127425130209,15.182222222222233,32.10666666666659
00014976_003.png,132.78222222222212,149.15496473524303,53.01333333333341,17.422222222222214
00029596_018.png,160.65777777777788,95.1460758463541,22.400000000000002,71.68
00030408_013.png,157.1555555555556,132.26666666666665,26.074074074074034,31.525925925926032
00007830_013.png,43.14074074074078,57.83703703703713,45.748148148148246,115.9111111111111
00030412_001.png,43.614814814814906,127.05185185185194,21.33333333333333,66.13333333333344
00025252_040.png,131.3185185185186,44.56296296296294,57.362962962962996,91.25925925925921
00029532_005.png,28.207407407407374,21.570370370370366,62.10370370370359,100.97777777777769
00019766_023.png,160.71111111111108,91.25925925925921,42.19259259259253,68.97777777777775
00013750_016.png,43.14074074074078,39.82222222222212,42.19259259259253,60.20740740740731
00017138_037.png,25.837037037036968,62.57777777777772,41.71851851851862,105.48148148148144
00002583_014.png,133.2148148148149,86.99259259259253,69.68888888888894,89.12592592592588
00028640_008.png,167.11111111111111,118.99259259259267,29.155555555555626,58.31111111111103
00019924_020.png,138.19259259259255,137.71851851851844,41.244444444444504,82.9629629629629
00020405_041.png,24.177777777777752,62.57777777777772,43.614814814814906,82.9629629629629
00011237_094.png,28.207407407407374,50.25185185185178,35.08148148148153,111.40740740740733
00018253_054.png,39.82222222222212,67.79259259259265,54.044444444444345,110.45925925925931
00021967_000.png,39.82222222222212,20.148148148148145,79.88148148148153,128.23703703703703
00030039_008.png,5.688888888888887,26.311111111111092,57.83703703703713,137.24444444444453
00012834_122.png,16.829629629629622,20.859259259259268,56.651851851851816,191.0518518518518
00025521_003.png,15.88148148148148,113.77777777777774,23.466666666666562,56.88888888888887
00026753_008.png,130.8444444444445,23.22962962962972,66.37037037037028,149.09629629629634
00012174_000.png,36.97777777777782,34.84444444444447,41.244444444444504,118.04444444444445
00020751_003.png,163.31851851851854,33.896296296296214,54.51851851851846,143.8814814814814
00002533_002.png,61.39259259259262,5.688888888888887,45.748148148148246,116.85925925925935
00012505_007.png,55.70370370370378,36.97777777777782,52.14814814814807,116.38518518518521
00014346_010.png,33.65925925925915,31.762962962962874,62.57777777777772,134.4
00025228_007.png,26.074074074074034,103.11111111111103,30.814814814814845,65.89629629629638
00018980_002.png,54.044444444444345,38.16296296296291,39.34814814814822,48.355555555555505
00012834_034.png,168.29629629629622,49.54074074074081,45.03703703703706,78.22222222222231
00023283_019.png,10.903703703703693,65.18518518518518,33.896296296296214,102.40000000000006
00027357_014.png,13.748148148148159,22.992592592592658,57.362962962962996,141.27407407407415
00016417_008.png,171.85185185185193,55.46666666666672,39.82222222222212,135.58518518518508
00025787_027.png,132.26666666666665,21.80740740740741,82.48888888888901,161.18518518518522
00027441_002.png,26.548148148148154,29.629629629629527,47.64444444444453,123.02222222222231
00014738_000.png,41.71851851851862,26.311111111111092,54.75555555555553,126.81481481481487
00013993_083.png,30.103703703703655,47.64444444444453,55.70370370370378,152.41481481481478
00022572_005.png,31.525925925926032,41.48148148148156,50.488888888888845,104.77037037037047
00022572_087.png,4.740740740740747,53.8074074074075,46.45925925925922,100.74074074074085
00017403_006.png,130.13333333333333,126.10370370370369,41.95555555555547,66.60740740740735
00023093_007.png,151.22962962962967,90.31111111111119,49.303703703703746,74.66666666666659
00016291_019.png,33.42222222222232,16.592592592592602,60.20740740740731,79.4074074074074
00026555_001.png,159.05185185185186,82.72592592592584,31.28888888888897,45.748148148148246
00016522_023.png,29.866666666666593,54.75555555555553,73.71851851851856,141.0370370370371
00012973_005.png,26.78518518518522,13.748148148148159,61.155555555555566,166.87407407407406
00025664_002.png,14.459259259259259,31.525925925926032,60.44444444444438,137.9555555555555
00010575_002.png,152.17777777777772,129.42222222222233,54.28148148148141,38.16296296296291
00014149_018.png,144.35555555555555,95.76296296296296,36.26666666666662,58.31111111111103
00011857_001.png,152.17777777777772,112.11851851851853,58.5481481481481,36.26666666666662
00028774_047.png,11.614814814814816,106.90370370370381,40.29629629629625,67.55555555555559
00029894_000.png,156.4444444444444,111.17037037037028,50.25185185185178,47.64444444444453
00022572_063.png,15.407407407407401,113.30370370370363,61.866666666666745,69.925925925926
00009218_015.png,42.429629629629595,47.88148148148159,48.355555555555505,129.6592592592592
00022899_000.png,156.68148148148148,105.24444444444437,48.59259259259257,69.21481481481482
00027817_001.png,166.39999999999992,85.33333333333331,43.14074074074078,80.35555555555565
00022416_004.png,178.96296296296293,102.63703703703713,31.525925925926032,43.85185185185175
00018253_017.png,29.629629629629527,57.60000000000006,32.237037037037,116.38518518518521
00018657_003.png,158.3407407407407,98.37037037037044,37.21481481481488,64.23703703703694
00003072_028.png,5.451851851851846,74.19259259259269,62.34074074074066,98.37037037037044
00014626_035.png,32.94814814814819,37.45185185185194,47.17037037037041,171.85185185185193
00011269_019.png,160.47407407407405,91.4962962962963,47.64444444444453,41.48148148148156
00007034_016.png,167.8222222222223,126.34074074074076,19.674074074074085,38.39999999999997
00017500_002.png,24.41481481481481,108.8000000000001,43.377777777777844,59.496296296296336
00020277_001.png,151.7037037037038,93.62962962962962,44.32592592592587,86.0444444444445
00013977_005.png,170.90370370370368,171.61481481481488,27.259259259259345,39.58518518518528
00014398_031.png,41.48148148148156,101.45185185185181,41.244444444444504,71.58518518518522
00029469_011.png,158.57777777777775,94.10370370370376,37.688888888889,98.84444444444456
00028509_007.png,10.903703703703693,74.19259259259269,45.511111111111184,123.25925925925938
00017582_003.png,23.466666666666562,74.90370370370366,25.125925925926,67.79259259259265
00027875_005.png,152.41481481481478,68.50370370370364,58.31111111111103,87.94074074074078
00013337_000.png,13.51111111111112,68.74074074074069,60.681481481481434,98.13333333333337
00013031_005.png,4.266666666666666,91.4962962962963,35.08148148148153,86.28148148148156
00009437_008.png,162.60740740740738,127.05185185185194,41.00740740740744,60.681481481481434
00009683_005.png,7.111111111111109,78.69629629629623,59.97037037037046,65.89629629629638
00001558_016.png,18.725925925925925,91.73333333333335,49.77777777777787,91.02222222222215
00005089_040.png,135.34814814814825,21.570370370370366,54.75555555555553,148.6222222222222
00028974_016.png,168.29629629629622,127.288888888889,36.02962962962956,42.90370370370372
00011827_003.png,164.50370370370365,32.47407407407406,28.207407407407374,127.7629629629629
00025529_018.png,158.57777777777775,36.74074074074075,40.29629629629625,132.0296296296296
00027631_000.png,183.2296296296296,155.97037037037026,23.940740740740686,31.051851851851907
00017124_004.png,173.2740740740741,124.68148148148151,36.02962962962956,96.47407407407415
00020564_000.png,169.7185185185186,78.45925925925916,24.888888888888935,52.622222222222184
00015895_017.png,157.39259259259268,77.74814814814819,34.370370370370345,114.25185185185188
00014447_004.png,33.896296296296214,93.86666666666667,20.622222222222227,58.785185185185156
00012834_008.png,1.1851851851851858,78.69629629629623,59.97037037037046,92.20740740740747
00029588_004.png,9.007407407407412,43.377777777777844,58.07407407407418,123.73333333333329
00021860_002.png,22.044444444444405,114.72592592592599,31.28888888888897,45.985185185185095
00020393_003.png,149.3333333333334,109.98518518518519,55.229629629629656,40.29629629629625
00027103_001.png,147.20000000000007,51.674074074074156,44.56296296296294,59.022222222222226
00029502_006.png,32.47407407407406,99.0814814814814,56.17777777777769,86.0444444444445
00017714_006.png,177.77777777777783,111.17037037037028,27.022222222222283,71.82222222222228
00009342_000.png,187.73333333333335,93.62962962962962,33.65925925925915,55.46666666666672
00005089_014.png,141.0370370370371,41.00740740740744,50.01481481481472,130.37037037037035
00016972_025.png,150.75555555555556,114.72592592592599,26.311111111111092,42.90370370370372
00027577_003.png,20.622222222222227,46.22222222222216,29.866666666666593,58.31111111111103
00019399_010.png,171.37777777777782,131.79259259259254,29.155555555555626,54.51851851851846
00001437_012.png,18.251851851851843,30.340740740740717,77.27407407407406,134.87407407407414
00021132_000.png,154.31111111111107,44.800000000000004,35.08148148148153,104.05925925925928
00018427_004.png,168.53333333333327,76.79999999999994,40.29629629629625,119.94074074074072
00018360_035.png,156.9185185185185,114.48888888888894,48.355555555555505,63.76296296296303
00030128_002.png,26.78518518518522,90.31111111111119,48.82962962962962,91.9703703703704
00020259_002.png,133.77777777777789,117.04829806857644,54.5066666666666,43.55555555555553
00008814_010.png,44.92444444444447,85.93718695746537,140.87111111111108,18.915555555555553
00012021_081.png,143.48444444444448,96.88829806857645,42.062222222222125,43.306666666666594
00005066_030.png,116.35555555555554,109.3327425130209,53.01333333333341,35.84
00010828_039.png,145.72444444444446,98.63052029079856,54.75555555555553,54.00888888888894
00027479_013.png,52.391111111111066,23.217186957465376,149.58222222222213,107.76888888888894
00019018_007.png,40.693333333333406,65.27940917968749,133.65333333333342,102.04444444444447
00018253_059.png,39.946666666666594,85.93718695746537,44.30222222222212,67.69777777777787
00030636_004.png,134.0266666666666,100.62163140190962,49.03111111111106,29.12
00021703_001.png,24.76444444444447,144.17718695746538,34.59555555555553,12.195555555555554
00022369_013.png,45.919999999999995,85.19052029079856,127.92888888888893,41.06666666666659
00022727_000.png,45.1733333333334,43.377186957465376,149.3333333333334,91.83999999999999
00020482_032.png,102.66666666666659,91.91052029079856,50.02666666666659,56.99555555555554
00028383_002.png,35.96444444444447,36.65718695746538,56.0,116.72888888888893
00010277_000.png,138.50666666666658,91.16385362413197,59.48444444444446,48.5333333333334
00028518_012.png,47.91111111111107,89.42163140190962,121.45777777777786,74.66666666666659
00028208_005.png,59.60888888888894,64.5327425130209,152.56888888888895,89.84888888888894
00018393_000.png,132.28444444444446,102.6127425130209,38.577777777777875,43.306666666666594
00029861_013.png,42.43555555555553,40.639409179687505,133.15555555555554,109.75999999999999
00006836_002.png,65.33333333333341,96.14163140190962,106.77333333333341,39.57333333333341
00011366_002.png,64.83555555555553,85.19052029079856,145.35111111111104,138.3822222222221
00029431_000.png,44.17777777777788,85.4394091796875,49.03111111111106,103.28888888888893
00027927_008.png,50.151111111111064,38.399409179687495,44.55111111111106,46.791111111111064
00022416_048.png,22.52444444444447,48.60385362413197,163.02222222222213,79.8933333333334
00021840_016.png,35.217777777777876,96.39052029079856,58.73777777777787,41.06666666666659
00013670_151.png,57.36888888888894,58.310520290798564,148.5866666666666,105.03111111111107
00010120_010.png,49.40444444444447,80.9594091796875,150.08,87.60888888888894
00014251_029.png,28.74666666666659,46.86163140190963,164.51555555555552,120.2133333333334
00022470_006.png,42.186666666666596,41.883853624131966,161.52888888888896,137.13777777777787
00010805_049.png,65.33333333333341,102.86163140190962,70.93333333333341,69.68888888888894
00011925_072.png,59.60888888888894,88.4260758463541,40.81777777777787,79.64444444444447
00019625_002.png,41.68888888888894,68.2660758463541,143.60888888888894,89.60000000000001
00015069_001.png,37.45777777777788,40.88829806857643,150.08,116.23111111111105
00017544_003.png,128.0533333333334,39.146075846354094,63.217777777777876,127.92888888888893
00013391_005.png,19.78666666666666,79.96385362413197,66.4533333333334,69.68888888888894
00021201_010.png,149.7066666666666,32.17718695746537,47.04,94.8266666666666
00029039_020.png,35.4666666666666,25.706075846354093,146.59555555555553,121.45777777777786
00016705_006.png,151.20000000000002,67.5194091796875,20.90666666666666,52.01777777777788
00019750_012.png,30.737777777777875,33.17274251302091,156.0533333333334,95.32444444444448
00013310_057.png,25.511111111111063,68.01718695746538,157.5466666666666,132.40888888888895
00028285_014.png,139.25333333333342,86.68385362413197,51.27111111111106,78.89777777777788
00021009_001.png,33.72444444444447,14.506075846354157,137.88444444444445,120.96000000000001
00023026_008.png,39.946666666666594,123.27052029079857,154.06222222222215,87.60888888888894
00012376_010.png,51.14666666666659,85.93718695746537,49.77777777777787,56.0
00010092_018.png,133.77777777777789,105.10163140190963,23.395555555555532,47.537777777777876
00012021_054.png,127.7629629629629,66.37037037037028,49.066666666666684,102.40000000000006
00016191_004.png,53.8074074074075,120.65185185185192,44.32592592592587,36.02962962962956
00030573_002.png,132.0296296296296,73.71851851851856,34.13333333333328,40.059259259259186
00017714_009.png,151.46666666666675,127.52592592592586,35.55555555555566,36.26666666666662
00020184_013.png,33.896296296296214,108.0888888888889,50.72592592592591,54.28148148148141
00014617_003.png,89.12592592592588,105.7185185185185,40.29629629629625,38.16296296296291
00016094_007.png,39.11111111111116,103.58518518518515,26.548148148148154,29.39259259259269
00009431_004.png,138.19259259259255,84.62222222222212,41.71851851851862,92.20740740740747
00001039_005.png,128.71111111111117,60.20740740740731,45.985185185185095,61.155555555555566
00029617_006.png,134.63703703703706,129.42222222222233,47.40740740740747,36.503703703703685
00028640_003.png,124.68148148148151,113.06666666666656,38.39999999999997,36.02962962962956
00017083_002.png,34.60740740740741,75.61481481481484,42.429629629629595,48.82962962962962
00003973_008.png,38.63703703703703,119.46666666666658,48.355555555555505,43.14074074074078
00020113_030.png,57.362962962962996,86.51851851851862,29.39259259259269,27.970370370370315
00003149_007.png,118.75555555555563,82.01481481481488,51.43703703703709,66.13333333333344
00006304_060.png,152.8888888888889,73.24444444444444,37.925925925925846,55.70370370370378
00017972_032.png,40.77037037037038,57.12592592592594,54.75555555555553,94.57777777777788
00021710_003.png,130.8444444444445,138.66666666666669,45.27407407407412,39.82222222222212
00000211_016.png,51.91111111111122,101.92592592592594,50.488888888888845,71.82222222222228
00026911_000.png,121.59999999999994,51.43703703703709,45.27407407407412,68.50370370370364
00029404_004.png,121.12592592592603,84.38518518518529,46.45925925925922,61.155555555555566
00019363_043.png,104.29629629629633,107.37777777777772,52.622222222222184,51.20000000000003
00006096_010.png,27.970370370370315,126.10370370370369,66.60740740740735,30.577777777777783
00003333_002.png,113.30370370370363,65.89629629629638,71.82222222222228,76.56296296296287
00011269_018.png,126.5777777777778,54.75555555555553,47.64444444444453,62.10370370370359
00016786_009.png,108.0888888888889,104.05925925925928,53.8074074074075,58.07407407407418
00013106_000.png,139.37777777777788,87.46666666666665,51.674074074074156,103.34814814814808
00019706_012.png,45.985185185185095,93.62962962962962,45.03703703703706,27.496296296296403
00015831_011.png,125.39259259259251,126.81481481481487,56.41481481481475,60.681481481481434
00020482_011.png,109.51111111111106,112.59259259259265,42.429629629629595,61.39259259259262
00016732_040.png,45.511111111111184,151.22962962962967,34.60740740740741,41.00740740740744
00021926_007.png,70.87407407407403,59.733333333333405,33.185185185185254,41.71851851851862
00017981_014.png,55.70370370370378,68.26666666666678,42.66666666666666,30.577777777777783
00000468_041.png,58.31111111111103,99.31851851851847,24.651851851851873,15.88148148148148
00026538_034.png,109.74814814814813,106.90370370370381,40.77037037037038,48.59259259259257
00027113_002.png,135.82222222222217,74.19259259259269,54.28148148148141,87.46666666666665
00010230_001.png,148.1481481481481,145.06666666666672,36.74074074074075,30.814814814814845
00007124_006.png,127.05185185185194,79.4074074074074,69.45185185185187,78.69629629629623
00013922_022.png,122.31111111111113,82.72592592592584,51.20000000000003,53.33333333333337
00022899_014.png,19.200000000000006,135.58518518518508,51.91111111111122,85.09629629629625
00030323_028.png,145.3037037037038,35.55555555555566,55.94074074074084,107.14074074074065
00001900_026.png,126.5777777777778,97.18518518518513,51.20000000000003,63.76296296296303
00000032_037.png,74.19259259259269,26.074074074074034,37.688888888889,76.79999999999994
00019150_002.png,141.74814814814806,72.7703703703703,53.57037037037044,102.87407407407419
00026865_003.png,136.29629629629628,104.29629629629633,42.429629629629595,36.97777777777782
00013922_021.png,127.05185185185194,23.466666666666562,56.17777777777769,66.13333333333344
00019634_004.png,152.65185185185186,136.53333333333336,47.17037037037041,56.651851851851816
00026098_003.png,32.94814814814819,137.71851851851844,49.54074074074081,46.45925925925922
00030408_013.png,31.525925925926032,158.10370370370362,48.11851851851844,32.94814814814819
00029532_014.png,65.89629629629638,154.78518518518518,57.60000000000006,48.11851851851844
00018721_010.png,52.38518518518513,118.28148148148149,55.229629629629656,44.56296296296294
00019646_006.png,129.6592592592592,127.7629629629629,56.41481481481475,47.17037037037041
00019750_029.png,147.43703703703713,82.48888888888901,43.377777777777844,50.96296296296297
00017138_037.png,42.429629629629595,93.39259259259256,48.355555555555505,95.28888888888885
00013471_029.png,135.82222222222217,64.474074074074,49.77777777777787,80.35555555555565
00002224_007.png,47.40740740740747,73.24444444444444,39.11111111111116,64.71111111111107
00028640_008.png,54.51851851851846,90.54814814814824,43.14074074074078,46.45925925925922
00011023_004.png,65.89629629629638,90.78518518518509,42.90370370370372,54.28148148148141
00020405_041.png,128.94814814814822,88.17777777777783,56.88888888888887,84.38518518518529
00014203_018.png,121.36296296296287,53.8074074074075,38.874074074074095,45.27407407407412
00011237_094.png,128.47407407407408,61.155555555555566,33.65925925925915,68.26666666666678
00018253_054.png,56.88888888888887,101.92592592592594,43.614814814814906,41.48148148148156
00011124_000.png,52.85925925925925,105.48148148148144,25.125925925926,27.73333333333325
00026194_010.png,68.26666666666678,23.466666666666562,33.42222222222232,32.71111111111112
00019769_014.png,136.29629629629628,87.94074074074078,36.97777777777782,42.429629629629595
00025521_003.png,129.18518518518528,120.17777777777778,52.85925925925925,31.525925925926032
00018921_038.png,66.37037037037028,61.866666666666745,57.12592592592594,76.56296296296287
00012505_007.png,74.42962962962953,88.65185185185175,41.00740740740744,51.674074074074156
00015732_020.png,145.3037037037038,91.73333333333335,43.377777777777844,41.244444444444504
00016786_001.png,123.49629629629622,43.614814814814906,49.066666666666684,107.37777777777772
00012364_045.png,127.52592592592586,98.37037037037044,47.17037037037041,77.98518518518524
00027357_014.png,142.6962962962963,100.02962962962965,29.866666666666593,42.90370370370372
00016417_008.png,43.14074074074078,146.25185185185182,55.70370370370378,38.63703703703703
00025787_027.png,47.88148148148159,63.52592592592597,48.355555555555505,98.60740740740749
00026538_012.png,138.19259259259255,91.25925925925921,40.29629629629625,42.90370370370372
00027441_002.png,45.748148148148246,74.66666666666659,40.53333333333332,63.05185185185184
00014738_000.png,52.38518518518513,45.511111111111184,54.51851851851846,83.19999999999996
00013993_083.png,130.37037037037035,77.27407407407406,55.229629629629656,71.34814814814816
00023075_033.png,52.391111111111066,117.04829806857644,15.928888888888896,14.435555555555553
00029579_005.png,133.28,41.38607584635409,16.177777777777766,15.680000000000001
00013659_019.png,122.32888888888894,36.65718695746538,22.400000000000002,29.866666666666593
00010815_006.png,68.07111111111107,52.83496473524303,32.10666666666659,56.0
00026695_000.png,74.79111111111106,43.128298068576434,25.63555555555553,28.871111111111063
00010125_004.png,32.23111111111106,66.02607584635409,14.435555555555553,19.164444444444445
00026261_001.png,42.93333333333341,61.54607584635409,52.01777777777788,52.266666666666595
00010277_000.png,65.08444444444447,68.01718695746538,118.22222222222213,60.72888888888893
00002106_000.png,71.3066666666666,79.4660758463541,10.951111111111107,11.448888888888895
00019313_000.png,163.8933333333334,134.71940917968752,21.404444444444444,23.395555555555532
00018623_001.png,60.60444444444447,109.08385362413196,133.90222222222212,56.497777777777884
00020124_003.png,79.02222222222213,62.29274251302091,23.395555555555532,29.617777777777874
00026196_001.png,85.99111111111107,107.34163140190964,18.168888888888894,17.671111111111106
00028698_001.png,186.04444444444448,88.4260758463541,13.44,37.08444444444447
00016184_040.png,152.6933333333334,118.04385362413196,9.70666666666666,11.200000000000001
00017214_015.png,134.27555555555554,76.4794091796875,17.422222222222214,31.360000000000003
00020065_008.png,179.07555555555552,69.26163140190963,19.164444444444445,30.862222222222123
00011925_072.png,82.50666666666659,55.572742513020906,35.34222222222213,88.60444444444447
00021201_010.png,156.4266666666666,41.883853624131966,34.09777777777787,69.44
00013911_021.png,21.777777777777786,53.332742513020904,152.81777777777788,117.72444444444447
00021179_011.png,27.253333333333405,37.901631401909626,77.6533333333334,145.84888888888892
00006821_002.png,26.506666666666597,18.737186957465287,83.37777777777788,147.59111111111105
00011151_004.png,72.55111111111106,45.368298068576436,82.1333333333334,79.8933333333334
00027833_022.png,65.83111111111106,66.7727425130209,129.1733333333334,96.81777777777788
00012376_010.png,162.15111111111108,46.11496473524303,27.377777777777876,92.58666666666659
00020274_007.png,65.58222222222213,83.94607584635409,21.65333333333334,23.893333333333405
00028265_007.png,174.84444444444446,132.72829806857644,18.66666666666666,21.902222222222125
00028027_000.png,125.8133333333334,54.0794091796875,25.88444444444447,31.608888888888938
00018762_001.png,149.45777777777786,144.92385362413197,17.92,16.924444444444447
00018366_010.png,156.17777777777786,64.28385362413198,29.12,43.55555555555553
00022837_005.png,163.64444444444445,77.22607584635409,21.404444444444444,25.88444444444447
00008008_027.png,141.49333333333342,106.84385362413198,20.90666666666666,22.648888888888937
00001787_008.png,57.120000000000005,102.11496473524303,97.56444444444446,48.782222222222124
00017257_001.png,93.39259259259256,49.303703703703746,69.45185185185187,76.56296296296287
00029105_015.png,50.01481481481472,93.62962962962962,26.311111111111092,26.78518518518522
00011269_019.png,125.15555555555565,58.31111111111103,28.681481481481498,31.28888888888897
00012376_011.png,168.53333333333327,105.00740740740731,16.35555555555556,17.066666666666663
00013508_001.png,62.57777777777772,113.06666666666656,19.674074074074085,20.38518518518519
00012975_003.png,45.27407407407412,51.91111111111122,45.27407407407412,44.32592592592587
00011157_001.png,44.08888888888881,107.61481481481478,27.496296296296403,26.311111111111092
00001836_082.png,73.71851851851856,85.09629629629625,30.577777777777783,25.125925925926
00023168_000.png,47.17037037037041,148.38518518518515,20.622222222222227,27.022222222222283
00016568_010.png,150.99259259259264,87.70370370370372,23.703703703703624,27.022222222222283
00014731_028.png,169.24444444444447,58.07407407407418,24.651851851851873,30.814814814814845
00025529_018.png,153.83703703703694,85.09629629629625,24.177777777777752,28.207407407407374
00003440_000.png,129.42222222222233,100.02962962962965,25.125925925926,24.888888888888935
00019651_002.png,137.4814814814816,74.66666666666659,43.614814814814906,43.85185185185175
00027556_007.png,15.407407407407401,42.90370370370372,37.21481481481488,51.674074074074156
00011291_003.png,151.7037037037038,31.999999999999936,41.244444444444504,44.56296296296294
00019499_000.png,158.3407407407407,68.26666666666678,24.41481481481481,21.33333333333333
00005532_019.png,149.57037037037048,51.43703703703709,15.407407407407401,12.799999999999997
00018427_004.png,116.38518518518521,71.82222222222228,23.466666666666562,22.044444444444405
00030323_015.png,134.63703703703706,92.68148148148137,49.303703703703746,63.52592592592597
00014014_013.png,141.98518518518512,83.91111111111115,37.21481481481488,37.21481481481488
00011925_077.png,61.39259259259262,42.90370370370372,65.89629629629638,103.11111111111103
00014177_010.png,41.48148148148156,85.09629629629625,27.73333333333325,50.72592592592591
00028628_020.png,137.00740740740747,74.19259259259269,22.755555555555592,18.488888888888887
00021420_027.png,42.19259259259253,123.73333333333329,23.22962962962972,18.962962962962965
00018101_012.png,37.688888888889,40.29629629629625,56.651851851851816,70.87407407407403
00012892_010.png,82.01481481481488,49.303703703703746,22.992592592592658,29.39259259259269
00017670_005.png,80.5925925925925,129.18518518518528,26.311111111111092,32.47407407407406
00019373_058.png,71.1111111111111,72.2962962962964,27.022222222222283,34.370370370370345
00014004_038.png,75.37777777777778,86.99259259259253,24.177777777777752,30.103703703703655
00028330_003.png,45.748148148148246,96.23703703703708,31.999999999999936,42.66666666666666
00015649_000.png,140.3259259259259,65.42222222222225,18.488888888888887,16.35555555555556
00021420_020.png,36.503703703703685,150.99259259259264,20.148148148148145,19.911111111111104
00015300_000.png,47.17037037037041,104.05925925925928,16.829629629629622,11.614814814814816
00022192_003.png,38.39999999999997,48.355555555555505,57.362962962962996,66.37037037037028
00022237_002.png,59.022222222222226,103.34814814814808,27.73333333333325,22.28148148148147
00022726_002.png,150.5185185185185,87.70370370370372,27.970370370370315,26.311111111111092
00000830_000.png,67.79259259259265,87.2296296296296,21.096296296296288,26.311111111111092
00015440_000.png,38.39999999999997,64.23703703703694,67.31851851851853,112.59259259259265
00011925_076.png,27.022222222222283,23.22962962962972,64.71111111111107,82.01481481481488
00017611_002.png,56.651851851851816,98.37037037037044,35.55555555555566,32.47407407407406
00029469_007.png,184.65185185185177,114.72592592592599,35.318518518518594,42.429629629629595
00014551_010.png,128.47407407407408,89.83703703703706,34.370370370370345,39.34814814814822
00027697_001.png,34.60740740740741,107.14074074074065,68.02962962962971,45.985185185185095
00009229_007.png,158.3407407407407,119.70370370370367,14.933333333333339,16.11851851851852
00012270_005.png,162.60740740740738,51.43703703703709,24.651851851851873,24.41481481481481
00013991_000.png,83.43703703703703,81.06666666666663,23.22962962962972,20.859259259259268
00012048_007.png,62.81481481481479,83.19999999999996,32.237037037037,33.185185185185254
00001075_024.png,63.52592592592597,71.34814814814816,33.65925925925915,43.377777777777844
00012175_008.png,74.66666666666659,103.58518518518515,30.103703703703655,29.866666666666593
00011814_031.png,36.97777777777782,99.31851851851847,41.00740740740744,65.6592592592593
00000902_001.png,76.79999999999994,138.90370370370374,19.437037037037047,18.488888888888887
00001688_000.png,146.01481481481474,60.44444444444438,26.78518518518522,32.94814814814819
00004547_003.png,196.74074074074065,150.99259259259264,11.614814814814816,12.799999999999997
00023078_000.png,162.13333333333327,150.28148148148142,11.377777777777775,10.666666666666675
00023068_003.png,76.79999999999994,163.55555555555563,7.822222222222232,7.348148148148151
00013911_000.png,25.837037037036968,105.7185185185185,18.725925925925925,22.28148148148147
00027927_009.png,161.65925925925933,85.57037037037037,11.377777777777775,13.51111111111112
00014116_009.png,152.41481481481478,69.925925925926,11.851851851851857,12.562962962962956
00019058_004.png,76.56296296296287,100.26666666666672,20.148148148148145,30.814814814814845
00016487_002.png,140.08888888888885,151.46666666666675,19.200000000000006,17.303703703703704
00015794_000.png,14.933333333333339,141.98518518518512,10.666666666666675,9.718518518518513
00012374_000.png,143.4074074074075,56.17777777777769,18.014814814814823,17.540740740740745
00003948_001.png,61.62962962962969,66.8444444444444,22.51851851851853,27.970370370370315
00018366_000.png,41.71851851851862,132.97777777777785,13.985185185185179,15.170370370370382
00014778_000.png,51.91111111111122,72.7703703703703,11.377777777777775,10.666666666666675
00026221_001.png,43.614814814814906,159.28888888888895,22.51851851851853,25.362962962963064
00015792_005.png,58.5481481481481,64.23703703703694,17.303703703703704,17.066666666666663
00030394_001.png,136.29629629629628,39.82222222222212,14.459259259259259,12.799999999999997
00001555_002.png,134.4,176.82962962962958,16.35555555555556,16.592592592592602
00028876_060.png,167.11111111111111,85.09629629629625,16.35555555555556,18.962962962962965
00014280_000.png,179.20000000000002,75.61481481481484,11.377777777777775,12.562962962962956
00006736_000.png,168.53333333333327,103.34814814814808,9.955555555555552,10.192592592592595
00022977_000.png,52.85925925925925,140.56296296296298,14.459259259259259,13.985185185185179
00018984_000.png,180.62222222222215,67.79259259259265,15.88148148148148,25.362962962963064
00026319_000.png,146.25185185185182,142.6962962962963,26.548148148148154,17.303703703703704
00008386_000.png,155.73333333333343,78.22222222222231,12.799999999999997,10.429629629629634
00006751_000.png,38.39999999999997,97.42222222222219,16.35555555555556,14.459259259259259
00001836_041.png,137.00740740740747,84.38518518518529,7.111111111111109,5.688888888888887
00020274_021.png,34.84444444444447,95.76296296296296,22.044444444444405,14.933333333333339
00026983_001.png,120.88888888888896,41.71851851851862,14.933333333333339,15.88148148148148
00026132_016.png,153.36296296296302,105.48148148148144,17.540740740740745,16.35555555555556
00013673_001.png,32.94814814814819,95.28888888888885,17.777777777777782,15.407407407407401
00004911_018.png,152.17777777777772,69.925925925926,22.044444444444405,19.437037037037047
00026769_010.png,173.2740740740741,91.25925925925921,12.088888888888897,11.614814814814816
00013051_000.png,58.31111111111103,120.41481481481485,12.799999999999997,12.562962962962956
00020332_000.png,50.25185185185178,136.29629629629628,16.35555555555556,13.985185185185179
00017243_010.png,16.829629629629622,131.79259259259254,19.437037037037047,18.251851851851843
00025662_006.png,181.0962962962963,139.85185185185176,11.140740740740736,12.562962962962956
00027470_006.png,87.46666666666665,109.51111111111106,20.622222222222227,16.11851851851852
00019013_002.png,171.37777777777782,122.07407407407405,10.666666666666675,9.955555555555552
00015141_002.png,174.22222222222211,132.0296296296296,11.140740740740736,14.459259259259259
00026398_000.png,79.64444444444447,58.07407407407418,10.666666666666675,10.192592592592595
00021374_000.png,163.31851851851854,82.48888888888901,26.548148148148154,22.992592592592658
00017199_005.png,169.24444444444447,149.3333333333334,15.407407407407401,16.35555555555556
00015583_000.png,148.38518518518515,74.42962962962953,10.429629629629634,7.822222222222232
00017098_003.png,65.6592592592593,62.34074074074066,12.799999999999997,16.829629629629622
00019177_000.png,61.866666666666745,56.41481481481475,21.570370370370366,24.177777777777752
00030162_029.png,71.58518518518522,83.43703703703703,14.933333333333339,16.11851851851852
00026285_000.png,198.16296296296304,180.38518518518532,10.429629629629634,10.429629629629634
00002578_000.png,174.22222222222211,71.58518518518522,17.066666666666663,13.037037037037038
00013951_001.png,65.89629629629638,58.31111111111103,13.748148148148159,10.903703703703693
00020393_001.png,51.91111111111122,49.77777777777787,16.592592592592602,15.407407407407401
00015018_004.png,176.11851851851864,78.93333333333328,12.088888888888897,12.562962962962956
00011832_002.png,162.84444444444443,76.79999999999994,15.407407407407401,16.11851851851852
00021420_014.png,172.32592592592584,59.496296296296336,15.407407407407401,16.829629629629622
00017346_000.png,191.0518518518518,134.63703703703706,6.162962962962968,7.348148148148151
00010959_010.png,46.45925925925922,107.37777777777772,17.303703703703704,13.274074074074077
00013885_000.png,95.5259259259259,59.733333333333405,9.481481481481472,9.718518518518513
00020774_000.png,50.25185185185178,104.53333333333342,13.274074074074077,13.748148148148159
00028876_035.png,41.71851851851862,74.66666666666659,14.222222222222218,15.88148148148148
00017028_000.png,31.762962962962874,126.81481481481487,16.829629629629622,12.799999999999997
00009403_006.png,163.79259259259268,91.25925925925921,16.592592592592602,11.377777777777775
00021772_016.png,37.45185185185194,42.19259259259253,19.911111111111104,18.014814814814823
00019124_090.png,143.64444444444456,108.0888888888889,20.859259259259268,16.592592592592602
00016587_069.png,165.21481481481484,89.12592592592588,15.407407407407401,12.799999999999997
00009403_002.png,141.27407407407415,139.37777777777788,15.88148148148148,15.88148148148148
00012415_002.png,87.2296296296296,116.85925925925935,16.35555555555556,18.962962962962965
00011450_000.png,160.71111111111108,108.32592592592597,21.33333333333333,21.096296296296288
00018814_000.png,150.5185185185185,112.59259259259265,22.044444444444405,20.38518518518519
00026911_005.png,76.08888888888896,67.31851851851853,18.725925925925925,20.859259259259268
00025707_015.png,155.73333333333343,117.57037037037031,20.148148148148145,17.777777777777782
00012045_019.png,92.68148148148137,107.85185185185185,12.088888888888897,12.088888888888897
00002290_001.png,56.88888888888887,156.9185185185185,13.985185185185179,10.429629629629634
00012592_005.png,168.77037037037036,115.43703703703696,18.962962962962965,14.459259259259259
00027937_004.png,36.503703703703685,115.43703703703696,23.940740740740686,22.28148148148147
00013674_000.png,45.985185185185095,69.925925925926,12.799999999999997,12.562962962962956
00013751_003.png,147.91111111111104,133.45185185185196,19.674074074074085,19.674074074074085
00010103_014.png,75.14074074074071,90.31111111111119,9.007407407407412,9.955555555555552
00011576_000.png,45.27407407407412,127.52592592592586,10.192592592592595,9.007407407407412
00030413_003.png,55.94074074074084,51.91111111111122,19.437037037037047,16.829629629629622
00011136_002.png,125.56444444444448,125.75940917968751,50.27555555555553,36.33777777777787
00020259_002.png,134.52444444444447,122.27496473524303,48.782222222222124,43.306666666666594
00012021_081.png,144.48000000000002,41.63496473524303,42.062222222222125,98.80888888888894
00013993_077.png,45.67111111111106,88.17718695746538,125.19111111111106,85.8666666666666
00013659_019.png,120.33777777777789,101.36829806857644,37.58222222222212,60.23111111111106
00010277_000.png,140.49777777777788,92.65718695746537,57.99111111111106,48.782222222222124
00022290_015.png,44.42666666666659,45.86607584635409,53.51111111111106,116.72888888888893
00028208_005.png,61.102222222222125,69.51052029079857,149.58222222222213,82.63111111111105
00018393_000.png,134.27555555555554,102.11496473524303,35.093333333333405,44.053333333333406
00017710_009.png,26.257777777777875,32.17718695746537,55.50222222222212,130.41777777777787
00003894_005.png,127.3066666666666,36.65718695746538,63.46666666666659,96.07111111111107
00026196_001.png,69.06666666666659,127.75052029079855,30.613333333333408,35.59111111111106
00029861_013.png,44.17777777777788,35.16385362413197,132.16,115.98222222222212
00021670_004.png,132.78222222222212,115.80385362413196,52.51555555555554,35.34222222222213
00011366_002.png,59.111111111111065,92.1594091796875,156.55111111111106,131.4133333333334
00029431_000.png,41.44,96.39052029079856,47.7866666666666,89.84888888888894
00011514_015.png,120.83555555555552,100.37274251302091,43.05777777777787,38.577777777777875
00015090_006.png,129.29777777777787,113.56385362413198,53.76,44.053333333333406
00010120_010.png,45.1733333333334,87.43052029079857,151.32444444444448,100.30222222222213
00013625_069.png,27.502222222222127,44.621631401909625,159.53777777777788,136.14222222222213
00015069_001.png,44.17777777777788,49.84829806857644,142.11555555555555,111.2533333333334
00013391_005.png,22.27555555555553,68.76385362413197,67.2,79.64444444444447
00005869_001.png,38.453333333333404,64.03496473524304,39.07555555555553,61.22666666666659
00029808_003.png,133.52888888888896,74.2394091796875,43.05777777777787,66.20444444444448
00000193_019.png,153.93777777777785,134.96829806857644,47.7866666666666,54.5066666666666
00016705_006.png,152.44444444444449,69.51052029079857,19.911111111111104,51.52
00016732_027.png,135.02222222222213,104.35496473524303,48.03555555555553,42.56
00028285_014.png,144.48000000000002,99.87496473524303,46.044444444444466,72.92444444444446
00012045_005.png,129.29777777777787,84.94163140190962,53.51111111111106,59.48444444444446
00000506_013.png,123.82222222222214,50.3460758463541,56.99555555555554,127.43111111111106
00003064_035.png,117.84888888888894,122.27496473524303,61.22666666666659,56.24888888888894
00018032_000.png,54.879999999999995,76.23052029079857,31.608888888888938,24.391111111111062
00005532_022.png,120.08888888888893,44.12385362413197,38.080000000000005,41.56444444444447
00023283_005.png,120.08888888888893,106.3460758463541,47.7866666666666,49.28
00008291_011.png,40.44444444444447,47.3594091796875,156.30222222222213,129.42222222222213
00022084_000.png,45.919999999999995,75.98163140190962,167.00444444444446,102.54222222222212
00016291_020.png,116.60444444444447,135.4660758463541,52.51555555555554,58.488888888888944
00002980_000.png,57.61777777777787,129.4927425130209,128.17777777777786,64.96
00021458_000.png,139.00444444444446,108.08829806857644,40.071111111111065,35.34222222222213
00011237_006.png,44.67555555555553,88.67496473524304,44.800000000000004,74.16888888888894
00013461_011.png,34.47111111111106,27.448298068576438,155.55555555555551,179.69777777777787
00010828_023.png,125.8133333333334,86.43496473524303,57.742222222222125,76.16000000000001
00007728_013.png,28.248888888888942,98.38163140190963,51.022222222222126,67.9466666666666
00012576_004.png,42.68444444444447,101.8660758463541,59.23555555555553,60.977777777777874
00018319_001.png,40.19555555555553,48.85274251302091,139.87555555555554,74.91555555555553
00017952_008.png,43.431111111111065,47.11052029079856,48.28444444444447,96.32
00021489_013.png,115.11111111111106,84.44385362413196,55.50222222222212,49.77777777777787
00014956_010.png,131.04,41.38607584635409,78.89777777777788,128.67555555555552
00008291_009.png,16.551111111111105,40.88829806857643,157.79555555555552,144.35555555555555
00022961_008.png,123.57333333333341,110.57718695746539,46.791111111111064,31.608888888888938
00021772_011.png,21.528888888888893,32.92385362413197,163.51999999999998,127.18222222222214
00003789_000.png,59.60888888888894,124.51496473524304,21.902222222222125,20.408888888888892
00012261_001.png,137.51111111111106,112.07052029079856,52.764444444444464,47.28888888888894
00025962_000.png,116.60444444444447,66.7727425130209,54.257777777777875,46.044444444444466
00014125_042.png,55.37777777777787,64.28385362413198,121.70666666666659,95.07555555555554
00011402_007.png,99.18222222222212,129.4927425130209,58.488888888888944,43.80444444444447
00014839_017.png,133.92592592592587,77.037037037037,44.800000000000004,64.474074074074
00009608_037.png,105.00740740740731,93.1555555555555,48.11851851851844,80.82962962962955
00011583_000.png,135.11111111111117,127.52592592592586,55.94074074074084,44.800000000000004
00021303_005.png,48.82962962962962,120.65185185185192,47.40740740740747,52.14814814814807
00022178_000.png,50.96296296296297,144.35555555555555,32.47407407407406,33.65925925925915
00003528_024.png,141.0370370370371,67.55555555555559,40.53333333333332,77.51111111111112
00007629_001.png,138.19259259259255,101.92592592592594,38.16296296296291,39.11111111111116
00010610_003.png,43.85185185185175,96.23703703703708,40.53333333333332,63.52592592592597
00013721_005.png,59.496296296296336,93.39259259259256,47.64444444444453,35.7925925925925
00019863_010.png,36.503703703703685,110.22222222222226,52.85925925925925,41.71851851851862
00014294_011.png,153.12592592592597,115.43703703703696,39.11111111111116,35.55555555555566
00012094_011.png,46.69629629629628,55.94074074074084,44.08888888888881,82.48888888888901
00005567_025.png,133.2148148148149,123.02222222222231,32.47407407407406,41.71851851851862
00000150_002.png,131.55555555555546,130.37037037037035,47.17037037037041,39.58518518518528
00013992_005.png,50.96296296296297,104.05925925925928,37.45185185185194,62.57777777777772
00015605_051.png,46.22222222222216,117.80740740740738,32.237037037037,35.55555555555566
00005353_000.png,24.888888888888935,43.85185185185175,49.77777777777787,83.43703703703703
00022215_012.png,137.4814814814816,78.45925925925916,41.00740740740744,50.96296296296297
00026848_007.png,44.08888888888881,152.17777777777772,41.71851851851862,38.39999999999997
00004893_070.png,43.85185185185175,116.38518518518521,35.08148148148153,33.65925925925915
00022021_002.png,58.5481481481481,107.85185185185185,33.896296296296214,20.38518518518519
00027093_002.png,62.34074074074066,62.34074074074066,41.00740740740744,77.98518518518524
00028454_016.png,26.311111111111092,110.22222222222226,52.14814814814807,60.20740740740731
00007735_018.png,127.7629629629629,92.20740740740747,45.748148148148246,64.71111111111107
00011831_008.png,52.14814814814807,74.66666666666659,31.525925925926032,50.96296296296297
00016291_012.png,31.999999999999936,125.86666666666662,44.32592592592587,51.43703703703709
00019765_010.png,42.66666666666666,172.32592592592584,46.22222222222216,28.918518518518564
00023138_009.png,37.21481481481488,71.58518518518522,56.88888888888887,111.6444444444444
00013272_005.png,133.6888888888888,116.38518518518521,48.11851851851844,67.31851851851853
00004344_002.png,55.70370370370378,65.42222222222225,37.45185185185194,85.80740740740744
00014197_010.png,135.82222222222217,144.59259259259258,72.7703703703703,42.66666666666666
00003028_006.png,55.229629629629656,114.96296296296308,48.59259259259257,80.5925925925925
00027837_001.png,45.748148148148246,74.42962962962953,47.17037037037041,82.25185185185194
00010652_000.png,44.800000000000004,123.02222222222231,46.45925925925922,22.992592592592658
00009863_058.png,68.74074074074069,81.54074074074076,39.82222222222212,57.362962962962996
00020845_002.png,37.925925925925846,116.38518518518521,47.88148148148159,39.82222222222212
00019157_008.png,129.42222222222233,57.83703703703713,62.81481481481479,105.7185185185185
00009229_003.png,44.800000000000004,121.837037037037,43.377777777777844,33.42222222222232
00007444_003.png,137.00740740740747,91.4962962962963,50.25185185185178,52.85925925925925
00001933_000.png,121.36296296296287,126.5777777777778,38.39999999999997,42.429629629629595
00002711_000.png,41.00740740740744,82.25185185185194,59.97037037037046,82.01481481481488
00009107_006.png,38.39999999999997,66.8444444444444,52.14814814814807,88.65185185185175
00027758_004.png,48.82962962962962,109.51111111111106,52.38518518518513,27.022222222222283
00013249_033.png,79.4074074074074,91.4962962962963,31.762962962962874,61.155555555555566
00023089_004.png,34.60740740740741,114.01481481481481,36.97777777777782,27.259259259259345
00021860_003.png,29.866666666666593,124.44444444444447,50.488888888888845,38.39999999999997
00013993_013.png,128.94814814814822,92.44444444444453,40.29629629629625,51.43703703703709
00010447_018.png,35.08148148148153,120.65185185185192,50.96296296296297,50.01481481481472
00008727_009.png,45.03703703703706,151.94074074074067,51.91111111111122,47.17037037037041
00017236_075.png,8.770370370370372,95.28888888888885,67.55555555555559,80.1185185185186
00023178_002.png,122.78518518518524,41.48148148148156,50.488888888888845,95.76296296296296
00021818_026.png,131.3185185185186,65.18518518518518,57.83703703703713,65.18518518518518
00016064_010.png,49.77777777777787,98.60740740740749,54.044444444444345,45.511111111111184
00005567_000.png,123.97037037037033,126.34074074074076,53.33333333333337,55.229629629629656
00018063_000.png,61.866666666666745,84.85925925925919,40.53333333333332,37.925925925925846
00014177_009.png,152.65185185185186,52.85925925925925,53.09629629629631,99.7925925925926
00004808_090.png,29.629629629629527,51.91111111111122,63.2888888888889,79.4074074074074
00014022_054.png,135.11111111111117,159.525925925926,38.874074074074095,55.46666666666672
00012834_113.png,124.44444444444447,56.88888888888887,58.31111111111103,92.68148148148137
00012141_013.png,126.81481481481487,45.748148148148246,53.09629629629631,82.9629629629629
00022572_073.png,121.12592592592603,71.82222222222228,68.26666666666678,91.02222222222215
00003391_001.png,68.02962962962971,53.09629629629631,48.355555555555505,78.93333333333328
00009507_004.png,46.45925925925922,135.11111111111117,56.88888888888887,36.97777777777782
00029469_009.png,102.63703703703713,101.92592592592594,82.01481481481488,81.77777777777781
00019892_003.png,124.81777777777786,26.203853624131966,55.75111111111106,21.65333333333334
00030162_026.png,118.09777777777788,58.808298068576434,20.65777777777779,16.177777777777766
00013659_019.png,63.839999999999996,18.488298068576395,23.395555555555532,10.951111111111107
00026586_009.png,42.93333333333341,40.88829806857643,37.33333333333341,28.373333333333406
00020000_000.png,59.111111111111065,28.941631401909625,19.41333333333334,6.2222222222222126
00002106_000.png,139.50222222222212,93.6527425130209,28.373333333333406,33.848888888888936
00003400_003.png,133.03111111111107,12.514964735243053,52.764444444444464,50.02666666666659
00010767_016.png,25.76,38.89718695746537,68.19555555555553,129.42222222222213
00017972_026.png,145.22666666666657,54.0794091796875,19.911111111111104,44.800000000000004
00018865_008.png,45.919999999999995,29.190520290798563,31.608888888888938,20.16
00029909_003.png,36.71111111111106,36.90607584635409,51.022222222222126,19.662222222222212
00018366_029.png,130.2933333333334,28.194964735243033,44.30222222222212,42.80888888888894
00029579_014.png,22.27555555555553,113.81274251302091,7.964444444444448,27.128888888888937
00020318_007.png,156.4266666666666,118.79052029079857,48.28444444444447,25.386666666666592
00013807_009.png,69.06666666666659,26.701631401909623,26.63111111111106,9.457777777777787
00010767_007.png,57.866666666666596,2.8082980685763936,18.417777777777786,4.728888888888894
00009368_006.png,80.51555555555554,61.54607584635409,14.933333333333339,23.395555555555532
00021748_000.png,120.33777777777789,16.248298068576396,36.58666666666659,11.94666666666666
00010767_008.png,44.42666666666659,41.883853624131966,36.08888888888893,31.111111111111065
00014083_023.png,140.0,133.47496473524302,60.72888888888893,29.12
00005869_001.png,39.44888888888894,14.506075846354157,53.76,17.671111111111106
00025252_053.png,142.24,139.9460758463541,31.857777777777876,57.4933333333334
00023078_003.png,20.782222222222213,144.67496473524304,28.622222222222128,24.64
00010071_008.png,44.42666666666659,149.15496473524303,15.680000000000001,39.82222222222212
00013471_002.png,28.248888888888942,151.64385362413196,59.23555555555553,21.65333333333334
00012094_040.png,126.31111111111106,24.461631401909624,31.857777777777876,23.146666666666594
00008841_025.png,127.80444444444447,17.741631401909714,42.062222222222125,18.915555555555553
00012376_010.png,82.00888888888893,31.430520290798565,26.133333333333404,12.195555555555554
00026886_002.png,49.15555555555553,43.128298068576434,51.27111111111106,148.08888888888893
00010936_016.png,38.20444444444447,36.1594091796875,50.773333333333404,30.11555555555553
00025252_054.png,144.23111111111106,157.61718695746538,31.608888888888938,49.28
00019124_104.png,26.00888888888894,30.434964735243028,64.21333333333341,74.16888888888894
00027213_044.png,124.81777777777786,36.408298068576435,45.79555555555553,177.7066666666666
00015530_147.png,40.94222222222213,14.506075846354157,44.55111111111106,134.4
00001946_029.png,63.34222222222213,86.68385362413197,15.928888888888896,33.848888888888936
00017137_016.png,37.208888888888936,32.17718695746537,62.968888888888934,104.03555555555553
00014822_039.png,140.99555555555554,44.87052029079857,42.56,136.39111111111106
00023162_025.png,42.186666666666596,17.49274251302084,57.742222222222125,56.24888888888894
00026451_068.png,64.58666666666659,140.44385362413198,26.88,20.90666666666666
00013209_018.png,41.68888888888894,26.95052029079856,62.471111111111064,51.27111111111106
00013310_059.png,42.43555555555553,45.86607584635409,40.81777777777787,123.9466666666666
00030111_007.png,129.79555555555552,21.22607584635416,34.34666666666659,55.00444444444447
00025252_032.png,165.38666666666657,149.15496473524303,44.053333333333406,53.01333333333341
00025787_050.png,133.77777777777789,39.39496473524303,11.94666666666666,55.00444444444447
00009889_018.png,27.253333333333405,166.0794091796875,7.466666666666659,8.711111111111107
00022141_030.png,118.84444444444446,9.030520290798606,22.648888888888937,12.942222222222213
00020146_005.png,39.69777777777788,123.02163140190962,64.96,50.52444444444447
00016429_015.png,32.23111111111106,20.479409179687497,83.12888888888894,124.44444444444447
00026392_005.png,123.32444444444448,24.212742513020906,69.19111111111106,56.0
00022141_023.png,140.99555555555554,21.22607584635416,46.54222222222212,28.373333333333406
00017747_008.png,50.151111111111064,38.15052029079857,44.053333333333406,34.59555555555553
00000732_005.png,134.27555555555554,24.212742513020906,37.83111111111106,22.648888888888937
00018496_007.png,125.31555555555552,27.448298068576438,48.782222222222124,20.65777777777779
00005140_001.png,27.496296296296403,57.362962962962996,30.577777777777783,97.65925925925924
00001248_038.png,124.2074074074074,20.622222222222227,55.46666666666672,36.74074074074075
00018055_005.png,29.39259259259269,28.918518518518564,74.90370370370366,102.87407407407419
00012094_047.png,145.7777777777777,31.28888888888897,29.39259259259269,33.42222222222232
00008841_044.png,32.237037037037,10.429629629629634,70.87407407407403,36.26666666666662
00028876_027.png,117.57037037037031,24.888888888888935,50.72592592592591,31.28888888888897
00002176_007.png,56.651851851851816,41.244444444444504,23.466666666666562,25.362962962963064
00029259_027.png,172.32592592592584,84.62222222222212,24.651851851851873,63.76296296296303
00025368_018.png,33.185185185185254,26.78518518518522,69.68888888888894,59.496296296296336
00021321_002.png,41.71851851851862,9.718518518518513,44.56296296296294,59.496296296296336
00027278_007.png,33.65925925925915,10.429629629629634,68.02962962962971,60.681481481481434
00011831_010.png,51.43703703703709,18.014814814814823,52.622222222222184,37.688888888889
00002176_005.png,56.88888888888887,19.437037037037047,41.00740740740744,34.13333333333328
00029807_003.png,36.02962962962956,18.014814814814823,77.98518518518524,66.13333333333344
00009166_004.png,34.13333333333328,53.33333333333337,18.251851851851843,66.13333333333344
00025368_033.png,166.1629629629631,61.155555555555566,43.377777777777844,42.429629629629595
00020408_058.png,35.318518518518594,15.88148148148148,63.05185185185184,86.0444444444445
00025954_025.png,43.14074074074078,20.148148148148145,59.97037037037046,54.75555555555553
00021782_028.png,29.155555555555626,21.80740740740741,48.59259259259257,96.71111111111122
00016568_026.png,21.80740740740741,19.911111111111104,55.70370370370378,128.94814814814822
00029075_013.png,143.64444444444456,29.39259259259269,54.75555555555553,50.25185185185178
00012622_016.png,167.11111111111111,36.74074074074075,17.777777777777782,27.73333333333325
00004342_050.png,40.53333333333332,78.93333333333328,29.866666666666593,92.44444444444453
00026221_001.png,30.103703703703655,32.94814814814819,69.925925925926,110.69629629629638
00028861_009.png,127.288888888889,10.429629629629634,63.76296296296303,65.6592592592593
00021700_010.png,128.47407407407408,18.251851851851843,44.08888888888881,36.26666666666662
00020318_022.png,120.65185185185192,18.962962962962965,60.44444444444438,52.38518518518513
00007471_003.png,118.28148148148149,23.22962962962972,73.00740740740737,105.7185185185185
00028628_008.png,132.7407407407408,21.570370370370366,46.22222222222216,70.63703703703698
00011355_011.png,109.51111111111106,11.377777777777775,93.62962962962962,99.31851851851847
00030606_006.png,120.41481481481485,6.874074074074069,51.674074074074156,35.318518518518594
00027652_003.png,16.592592592592602,44.32592592592587,31.762962962962874,112.59259259259265
00021896_003.png,52.14814814814807,30.103703703703655,49.54074074074081,46.93333333333334
00011355_027.png,122.54814814814819,30.103703703703655,70.16296296296306,59.733333333333405
00017243_010.png,4.740740740740747,63.76296296296303,27.259259259259345,123.49629629629622
00028924_009.png,159.76296296296306,49.303703703703746,27.259259259259345,56.88888888888887
00025787_039.png,18.962962962962965,21.570370370370366,40.059259259259186,124.68148148148151
00018055_038.png,27.496296296296403,62.81481481481479,19.437037037037047,46.22222222222216
00016937_014.png,37.688888888889,18.251851851851843,58.07407407407418,45.27407407407412
00019706_002.png,126.10370370370369,19.674074074074085,33.42222222222232,26.074074074074034
00020671_010.png,48.11851851851844,85.57037037037037,42.19259259259253,47.17037037037041
00030162_029.png,136.0592592592592,36.74074074074075,44.56296296296294,34.84444444444447
00014626_017.png,59.496296296296336,29.39259259259269,22.28148148148147,32.94814814814819
00019124_006.png,115.43703703703696,13.985185185185179,75.61481481481484,64.71111111111107
00018055_045.png,19.674074074074085,67.79259259259265,9.718518518518513,21.570370370370366
00008814_010.png,42.771557074652875,89.1727425130209,146.34666666666658,14.186666666666659
00000583_008.png,64.17600151909713,99.37718695746537,46.044444444444466,13.191111111111105
00010828_039.png,128.63822374131945,102.6127425130209,46.791111111111064,49.77777777777787
00019917_004.png,134.113779296875,170.06163140190964,54.257777777777875,10.204444444444446
00018253_059.png,40.53155707465287,88.68740614149303,44.55111111111106,62.968888888888934
00030636_004.png,133.86489040798608,96.3614827473959,34.59555555555553,33.102222222222125
00001153_004.png,67.16266818576393,55.54370496961803,21.404444444444444,96.07111111111107
00012299_002.png,42.771557074652875,125.97926052517357,144.1066666666666,17.422222222222214
00021703_001.png,29.829334852430534,109.55259385850698,134.8977777777779,46.54222222222212
00029464_003.png,53.22489040798607,81.92592719184037,44.800000000000004,28.12444444444447
00010815_006.png,68.15822374131947,52.55703830295144,33.6,53.51111111111106
00001320_003.png,45.509334852430534,119.25926052517357,15.928888888888896,6.471111111111107
00020482_032.png,105.49155707465287,77.19703830295143,46.044444444444466,79.14666666666659
00013187_002.png,43.51822374131947,124.23703830295142,161.52888888888896,38.32888888888894
00029464_015.png,43.51822374131947,77.19703830295143,134.64888888888896,70.68444444444447
00025769_001.png,153.52711263020842,125.23259385850696,22.648888888888937,13.937777777777788
00016837_002.png,30.824890407986064,144.1481494140625,59.48444444444446,20.65777777777779
00020124_003.png,38.29155707465288,126.97481608072908,53.51111111111106,22.648888888888937
00026920_000.png,75.1271126302084,97.60592719184038,26.382222222222126,11.697777777777787
